ciudad,calle
Tandil,Santamarina 2211
Tandil,Carlos Casares 928
Tandil,Veteranos de Malvinas 6729
Tandil,Rocca 728
OlavarrÃ­a,Giovanelli 1341
OlavarrÃ­a,Juan XXIII 5647
OlavarrÃ­a,Av Pringeles 342
OlavarrÃ­a,Rendon 1289
OlavarrÃ­a,Pellegrino 3290
OlavarrÃ­a,Antartida Argentina 2008
OlavarrÃ­a,Moya 1827
OlavarrÃ­a,Av Del Valle 5567
OlavarrÃ­a,Vicente LÃ³pez 3789
OlavarrÃ­a,Rivadavia 1289
OlavarrÃ­a,Moreno 765
OlavarrÃ­a,Mitre 3985
OlavarrÃ­a,Av NicolÃ¡s Avellaneda 2878
OlavarrÃ­a,CortÃ©z 4227
Azul,De Los Agrarios 365
Azul,Lola Mora 2877
Azul,Las FLores 755
Tandil,Alvear 448
Tandil,Larrea 2856
Tandil,Avenida Marconi 1732
Tandil,Calleja 627
Tandil,Don Bosco 392
Olavarría,Ituzaingó 2143
Olavarría,Av San Martín 1098
Olavarría,Almafuerte 3215
Olavarría,Av Colón 1762
Olavarría,Cervantes 485
Olavarría,Av Belgrano 2674
Olavarría,Santa Fe 2389
Olavarría,Av Lavalle 1297
Olavarría,Rivadavia 3520
Olavarría,Av Pueyrredón 1910
Olavarría,San Juan 2943
Olavarría,Santiago del Estero 1847
Olavarría,Avenida Moreno 3387
Azul,Av 25 de Mayo 1621
Azul,Maipú 2566
Azul,Ricardo Rojas 1900
Azul,Av San Martín 2454
Azul,Independencia 743
Azul,Avenida Belgrano 1685
Azul,Av Colón 2899
Azul,Av Urquiza 1342
Azul,9 de Julio 3960
Azul,Libertad 2148
Azul,Río Negro 2793
Azul,Patricias Argentinas 3821
