id,nombre,edad
1,Xantha M. Guzman,22
2,Brenna J. Hernandez,31
3,Acton F. Caldwell,24
4,Stephanie G. Sims,53
5,Shafira Bray,11
6,Gabriel W. Duran,32
7,Steel P. Blackwell,14
8,Desirae Heath,62
9,Yetta Oneil,73
10,Henry Gallegos,72
11,Katelyn Justice,33
12,Alana Powell,53
13,Eaton Hardy,23
14,Asher F. Rodriguez,53
15,Veda E. Newton,25
16,Gage Hensley,41
17,Georgia B. Dale,42
18,Zahir Terrell,40
19,Iris Gates,35
20,Erin Nolan,11
21,Neville P. Buckley,7
22,Cecilia Callahan,17
23,Herman I. Gill,22
24,Gisela T. Mueller,45
25,Halee F. Brown,81
26,Graham Chavez,12
27,Candace F. Knight,13
28,Emery G. Landry,14
29,Aurora Talley,51
30,Jolie Johnston,48
32,Lani Norman,49
33,Hop P. Camacho,59
34,Pandora Chambers,18
36,Stewart Leach,19
37,Owen N. Wells,18
38,Kieran M. Mckee,20
39,Devin Cervantes,22
40,Malik B. Oneil,30
41,Emma H. Golden,19
42,Fiona T. Santiago,74
43,Margaret Browning,45
44,Kiayada Blankenship,53
45,Deborah Q. Herring,58
46,Dean Murphy,15
47,Barry Beach,70
48,Alma K. Simon,23
49,Hop Boyd,13
50,Eden R. Clemons,18
51,Brooke R. Castillo,28
52,Adrian V. Lowe,39
53,Isabella Q. Blake,47
54,Sydney A. Norton,29
55,Emilio R. Walters,56
56,Jacqueline L. Steele,42
57,Maximus J. Thornton,34
58,Ava D. Fischer,25
59,Sebastian C. Parks,37
60,Maddison M. Mendoza,19
61,Lucian H. Fletcher,31
62,Adelaide J. Foster,50
63,Valentina R. Marshall,27
64,Grayson P. Sullivan,21
65,Isaiah H. Goodman,43
66,Lyla R. Hayes,15
67,Dexter M. Hogan,32
68,Zara E. Simmons,26
69,Quinn L. Nelson,35
70,Kai X. Ramirez,24
71,Gabrielle L. Wallace,28
72,Elijah F. Roberts,22
73,Scarlett Q. Parker,45
74,Theo R. Hicks,30
75,Audrey N. Weaver,18
76,Bryson C. Bennett,36
77,Lucia P. Stevenson,49
78,Jonas X. Meyer,38
79,Penelope H. Bennett,23
80,Leo R. Clarke,41
81,Harper J. Watts,27
82,Amara V. Turner,33
83,Adonis D. Johnston,20
84,Eloise C. Horton,29
85,Julian F. Allen,31
86,Lola G. Russell,47
87,Giovanni E. Adams,25
88,Eliza H. Hudson,39
89,Kaden I. Morales,44
90,Violet E. Welch,19
91,Jaxon V. Warren,36
92,Mia R. Cohen,26
93,Hudson L. Lawrence,21
94,Delilah P. Riley,38
95,Oliver K. Clark,30
96,Charlotte R. Martinez,33
97,Cameron J. Ferguson,24
98,Sienna P. Collins,37
99,Liam V. Phillips,42
100,Eva N. Harrison,28

